,MAE,RMSE,SMAPE,R2
0,0.18238494082097076,0.47269535249747957,0.8124598086923331,0.9999140069140394
