,MAE,RMSE,SMAPE,R2
0,2.8347724965526693,3.6834009526351985,2.2884301123521165,0.9867719092666396
