,MAE,RMSE,SMAPE,R2
0,3.497875811173992,4.45050328593734,2.855000716991012,0.9806884370100463
