,MAE,RMSE,SMAPE,R2
0,2.718245508410617,3.6184728772858734,2.190109841339481,0.9872341476725359
