,MAE,RMSE,SMAPE,R2
0,3.245512318770445,4.16213240273153,2.5028995555744156,0.9831099491888889
