,MAE,RMSE,SMAPE,R2
0,3.2427250579630083,4.296077013649768,2.4047623343697127,0.9820053547520282
