,MAE,RMSE,SMAPE,R2
0,5.740347660464009,7.166968345816331,4.205548370451428,0.9499193282441221
