,MAE,RMSE,SMAPE,R2
0,0.04236601764736025,0.10704415132647456,0.16402475252019116,0.9999952580563737
