,MAE,RMSE,SMAPE,R2
0,0.040204822055398534,0.1037949404008276,0.152888043981724,0.9999955415606027
