,MAE,RMSE,SMAPE,R2
0,0.04872281633089016,0.116973132496427,0.18756355223376506,0.9999943375713769
