,MAE,RMSE,SMAPE,R2
0,0.035130268996387985,0.0944359278105366,0.1432824759735883,0.9999963093317982
