,MAE,RMSE,SMAPE,R2
0,0.03615188009071539,0.09854887639620744,0.1454931675616895,0.9999959808533394
