,MAE,RMSE,SMAPE,R2
0,3.593535414074825,4.748278973328282,2.6562180295819564,0.9780177761122539
