,MAE,RMSE,SMAPE,R2
0,2.1665441319069867,3.0081813183877553,1.7442788684267576,0.9911771845980905
