,MAE,RMSE,SMAPE,R2
0,3.103490544852276,3.87306477921057,2.680799845450306,0.9853745682777767
