,MAE,RMSE,SMAPE,R2
0,2.5340476882130285,3.354838049103666,2.0377964004110396,0.9890265726463442
