,MAE,RMSE,SMAPE,R2
0,3.811822360236289,5.0544137322515565,2.782033340830269,0.9750918914366706
