,MAE,RMSE,SMAPE,R2
0,2.0857322596583265,2.900580144073952,1.6921180721059303,0.991797071759699
