,MAE,RMSE,SMAPE,R2
0,5.57971328474808,7.437461859431608,3.95356437294512,0.9460677329644019
