,MAE,RMSE,SMAPE,R2
0,7.441613591681964,9.040753528868384,5.526943171821189,0.9203091549591066
