,MAE,RMSE,SMAPE,R2
0,5.836072852369052,7.7696724568110795,4.135253027906163,0.9411421227980081
