,MAE,RMSE,SMAPE,R2
0,9.041840449207875,11.992193129356249,6.434391914133479,0.8597843785913983
