,MAE,RMSE,SMAPE,R2
0,6.576856855294753,8.72347337476952,4.69547794248176,0.9258044168233421
