,MAE,RMSE,SMAPE,R2
0,3.5537011161413385,4.652087099497668,2.6489203870172013,0.9788993979199518
