,MAE,RMSE,SMAPE,R2
0,2.166092672255983,2.992489097221103,1.734978332403421,0.9912689931986332
