,MAE,RMSE,SMAPE,R2
0,2.1708157715659366,3.004056256930265,1.7461531785982756,0.9912013651233076
