,MAE,RMSE,SMAPE,R2
0,2.48541161212199,3.323778715846284,1.9581869959444196,0.9892288176609294
