,MAE,RMSE,SMAPE,R2
0,2.234895532009065,3.060428471210907,1.776712713518425,0.9908680475788035
