,MAE,RMSE,SMAPE,R2
0,2.2349187996799893,3.101987965009008,1.8143023281347486,0.9906183464731932
