,MAE,RMSE,SMAPE,R2
0,2.064172559255304,2.8857221869968415,1.659122501554091,0.9918808940250812
