,MAE,RMSE,SMAPE,R2
0,124.5710765416839,128.38175476574852,264129.7769121295,-562271.5164405522
