,MAE,RMSE,SMAPE,R2
0,2.3053635198625706,3.131274077489547,1.8507407906613977,0.9904403643907757
