,MAE,RMSE,SMAPE,R2
0,3.04125951640944,4.033240834744516,2.3260619207260063,0.9841398429259687
