,MAE,RMSE,SMAPE,R2
0,2.4557092690697933,3.328463628319139,1.9614522472942606,0.9891984319979331
