,MAE,RMSE,SMAPE,R2
0,2.13513140547426,2.949742358157393,1.7077158315995653,0.9915166508369244
