,MAE,RMSE,SMAPE,R2
0,2.204900995040701,2.9807197403215064,1.8092275202078172,0.9913375356456088
