,MAE,RMSE,SMAPE,R2
0,2.6211991455259374,3.465158970046966,2.05263396335493,0.9882930031965652
