,MAE,RMSE,SMAPE,R2
0,0.14635547448113317,0.19730650727095317,1.7619488542780408,0.98770450231685
