,MAE,RMSE,SMAPE,R2
0,2.3418940434690376,3.252374265269189,1.469668485888548,0.9890610204635196
