,MAE,RMSE,SMAPE,R2
0,0.19211995816104643,0.2425393940608073,2.296801810800342,0.9814097116258461
