,MAE,RMSE,SMAPE,R2
0,0.26366514819008985,0.30842164467175737,3.1498707234828345,0.9699384584310594
