,MAE,RMSE,SMAPE,R2
0,0.09960899186630168,0.17805258494961687,0.574534590597837,0.9997666937794679
