,MAE,RMSE,SMAPE,R2
0,1.8530516350086987,3.0198456756354033,0.6828099818915608,0.999615755909639
