,MAE,RMSE,SMAPE,R2
0,0.08734931162557512,0.14416113865170152,0.5320681488450706,0.9998470571948778
