,MAE,RMSE,SMAPE,R2
0,0.09153445101827488,0.1556675079981266,0.5585389454455496,0.9998260664488046
