,MAE,RMSE,SMAPE,R2
0,4.997551100291229,6.316142580094249,3.6778186530446657,0.9611041717943065
