,MAE,RMSE,SMAPE,R2
0,11.401030112127065,15.65104829078861,8.045533127313112,0.7611715633140994
