,MAE,RMSE,SMAPE,R2
0,5.1121966922026525,6.56608796747172,3.807231120754884,0.9579648533856969
