,MAE,RMSE,SMAPE,R2
0,5.802262190809583,7.658695916761444,4.2236151253643825,0.9428114841440534
