,MAE,RMSE,SMAPE,R2
0,10.714831770661148,15.04826009640015,7.513009858489697,0.779213888354894
