,MAE,RMSE,SMAPE,R2
0,2.6208657800664525,3.597662035078126,2.0557355193705593,0.9873805653364532
