,MAE,RMSE,SMAPE,R2
0,2.4930595052445828,3.339239707951325,1.9782526005936025,0.9891283774663238
