,MAE,RMSE,SMAPE,R2
0,2.111810379764639,2.9339454075579527,1.704162192437559,0.9916072704180943
