,MAE,RMSE,SMAPE,R2
0,2.928734375090624,3.774780569873529,2.3108228271835705,0.9861074299656769
