,MAE,RMSE,SMAPE,R2
0,2.305041839214458,3.1579876703619822,1.831417438205622,0.9902765578853133
