,MAE,RMSE,SMAPE,R2
0,2.187083487167302,3.0076768220255583,1.7429181633101498,0.9911801436650898
