,MAE,RMSE,SMAPE,R2
0,2.0762235022688587,2.9005032443536303,1.6668131291784065,0.9917975067033961
