,MAE,RMSE,SMAPE,R2
0,4.17340032383523,5.420735567699149,3.0499822614687475,0.9713505943040078
