,MAE,RMSE,SMAPE,R2
0,2.106213655308962,2.9503209616821287,1.6874858799499375,0.9915133224261402
