,MAE,RMSE,SMAPE,R2
0,2.4681059080490644,3.3705676936911706,1.9220865873099129,0.9889234304029768
