,MAE,RMSE,SMAPE,R2
0,2.1522944109831017,2.9561263006039527,1.7522901116169995,0.9914798911401385
