,MAE,RMSE,SMAPE,R2
0,3.0342873372939576,3.952327962408236,2.325310536681918,0.984769816956767
