,MAE,RMSE,SMAPE,R2
0,4.210241446604796,5.504408781724472,3.069875618167992,0.9704593170810019
